"","x"
"1","row.names"
"2","Superficie"
"3","X1er_quartile_euro"
"4","X3e_quartile_euro"
"5","Audio_prothesiste"
"6","Autre_formation_continue"
"7","Autre_formation_continue_prive"
"8","Autre_formation_continue_public"
"9","Autre_formation_post_bac_non_universitaire"
"10","Autre_formation_post_bac_non_universitaire_prive"
"11","Autre_formation_post_bac_non_universitaire_public"
"12","Bassin_natation"
"13","Bureau_poste"
"14","College"
"15","College_prive"
"16","College_public"
"17","Conservatoire"
"18","Controle_technique_auto"
"19","Domaine_skiable"
"20","Ergotherapeute"
"21","Formation_commerce"
"22","Formation_commerce_prive"
"23","Formation_sante"
"24","Formation_sante_prive"
"25","Formation_sante_public"
"26","Hospitalisation_domicile"
"27","Hypermarche"
"28","Institut_universitaire"
"29","Institut_universitaire_public"
"30","Location_auto.utilitaires_legers"
"31","Magasin_chaussures"
"32","Magasin_meubles"
"33","Magasin_optique"
"34","Maison_sante_pluridisciplinaires"
"35","Masseur_kinesitherapeute"
"36","Mediane_euro"
"37","Orthophoniste"
"38","Orthoptiste"
"39","Pedicure.podologue"
"40","Poissonnerie"
"41","Pompes_funebres"
"42","Psychologue"
"43","Reseau_proximite_pole_emploi"
"44","Reseau_specialise_pole_emploi"
"45","Restaurant_universitaire"
"46","Restaurant_universitaire_prive"
"47","Restaurant_universitaire_public"
"48","Sage.femme"
"49","Salles_combat"
"50","Salles_multisports_gymnase"
"51","Salles_non_specialisees"
"52","Salles_remise_forme"
"53","Salles_specialisees"
"54","Sports_nautiques"
"55","Station_service"
"56","Supermarche"
"57","Terrain_golf"
"58","Terrains_grands_jeux"
"59","Transfusion_sanguine"
"60","Travail_protege"
"61","Tribunal_commerce"
"62","Tribunal_instance"
"63","ecole_maternelle"
"64","ecole_maternelle_RPIC"
"65","ecole_maternelle_RPIC_public"
"66","ecole_maternelle_RPI_disperse"
"67","ecole_maternelle_RPI_disperse_public"
"68","ecole_maternelle_prive"
"69","ecole_maternelle_public"
"70","Detail"
"71","url"
"72","Res_princ_30_moins_40_m2"
"73","Res_princ_40_moins_60_m2"
"74","Res_princ_60_moins_80_m2"
"75","Res_princ_80_moins_100_m2"
"76","Res_princ_100_moins_120_m2"
"77","Actifs_occ_15.64_ans_Agriculteurs_exploitants"
"78","Pop_55.79_ans_vivant_seule"
"79","Pop_25.54_ans_vivant_seule"
"80","Pop_15.24_ans_vivant_seule"
"81","Pop_25.54_ans_2"
"82","Pop_15.24_ans_2"
"83","Actifs_occupes_15.64_ans_Employes"
"84","Actifs_occ_15.64_ans_Prof_intermediaires"
"85","Actifs_occ_15.64_ans_Cadres_Prof_intel_sup"
"86","Actifs_occupes_15.64_ans"
"87","Actifs_15.64_ans_Employes"
"88","Actifs_15.64_ans_Prof_intermediaires"
"89","Actifs_15.64_ans_Cadres_Prof_intel_sup"
"90","Actifs_15.64_ans_Agriculteurs_exploitants"
"91","Actifs_15.64_ans"
"92","Autres_inactifs_15.64_ans_Femmes"
"93","Autres_inactifs_15.64_ans_Hommes"
"94","Autres_inactifs_15.64_ans"
"95","Inactifs_15.64_ans_Femmes"
"96","Inactifs_15.64_ans_Hommes"
"97","Inactifs_15.64_ans"
"98","Chomeurs_15.64_ans_Femmes"
"99","Chomeurs_15.64_ans_Hommes"
"100","Chomeurs_55.64_ans"
"101","Chomeurs_25.54_ans"
"102","Chomeurs_15.24_ans"
"103","Chomeurs_15.64_ans"
"104","Actifs_occupes_55.64_ans_Femmes"
"105","Actifs_occupes_25.54_ans_Femmes"
"106","Actifs_occupes_15.24_ans_Femmes"
"107","Actifs_occupes_15.64_ans_Femmes"
"108","Actifs_occupes_55.64_ans_Hommes"
"109","Actifs_occupes_25.54_ans_Hommes"
"110","Actifs_occupes_15.24_ans_Hommes"
"111","Actifs_occupes_15.64_ans_Hommes"
"112","Actifs_occupes_55.64_ans"
"113","Actifs_occupes_25.54_ans"
"114","Actifs_occupes_15.24_ans"
"115","Actifs_occupes_15.64_ans2"
"116","Actifs_55.64_ans_Femmes"
"117","Actifs_25.54_ans_Femmes"
"118","Actifs_15.24_ans_Femmes"
"119","Actifs_15.64_ans_Femmes"
"120","Actifs_55.64_ans_Hommes"
"121","Actifs_25.54_ans_Hommes"
"122","Actifs_15.24_ans_Hommes"
"123","Actifs_15.64_ans_Hommes"
"124","Actifs_55.64_ans"
"125","Actifs_25.54_ans"
"126","Actifs_15.24_ans"
"127","Actifs_15.64_ans2"
"128","Pop_55.64_ans_Femmes"
"129","Pop_25.54_ans_Femmes"
"130","Pop_15.24_ans_Femmes"
"131","Pop_15.64_ans_Femmes"
"132","Pop_55.64_ans_Hommes"
"133","Pop_25.54_ans_Hommes"
"134","Pop_15.24_ans_Hommes"
"135","Pop_15.64_ans_Hommes"
"136","Pop_scorisee_25.29_ans"
"137","Pop_scorisee_18.24_ans"
"138","Pop_scorisee_15.17_ans"
"139","Pop_scorisee_11.14_ans"
"140","Pop_scorisee_6.10_ans"
"141","Pop_scorisee_2.5_ans"
"142","Personnes_agees_services_repas_domicile"
"143","Personnes_agees_foyer_restaurant"
"144","Personnes_agees_soins_domicile"
"145","Fleuriste.jardinerie.Animalerie"
"146","Droguerie_quincaillerie_bricoge"
"147","Spe_gynecologie"
"148","Spe_stomatologie"
"149","Spe_pneumologie"
"150","Spe_pediatrie"
"151","Spe_oto.rhino.ryngologie"
"152","Spe_ophtalmologie"
"153","Spe_psychiatrie"
"154","Spe_cardiologie"
"155","ecole_maternelle_RPI_disperse_cantine"
"156","ecole_maternelle_cantine"
"157","ecole_maternelle_cantine_prive"
"158","ecole_maternelle_RPI_disperse_cantine_public"
"159","ecole_maternelle_cantine_public"
"160","College_internat"
"161","College_cantine"
"162","College_internat_prive"
"163","College_cantine_prive"
"164","College_internat_public"
"165","College_cantine_public"
"166","Structures_psychiatriques_ambutoire"
"167","Institut_beaute.Onglerie"
"168","Pressing.verie_automatique"
"169","Ptrier_peintre"
"170","Reis_poste"
"171","Theatre.Arts_rue.Pole_Cirque"
"172","Salles_combat_moins_une_aire_pratique_eciree"
"173","Salles_multisports_gymnase_moins_une_aire_pratique_eciree"
"174","Salles_remise_forme_moins_une_aire_pratique_eciree"
"175","Bowling_moins_une_aire_jeu_eciree"
"176","Sports_nautiques_moins_une_aire_pratique_eciree"
"177","Terrains_grands_jeux_moins_un_terrain_ecire"
"178","Salles_specialisees_moins_une_aire_pratique_eciree"
"179","Sports_gce_moins_une_aire_pratique_eciree"
"180","Sports_gce"
"181","Terrain_golf_moins_une_aire_pratique_eciree"
"182","Domaine_skiable_moins_une_piste_eciree"
"183","Bassin_natation_moins_un_bassin_ecire"
"184","TYP_IRIS"
"185","Cases_traditionnelles_DOM"
"186","Habitations_fortune_DOM"
"187","Res_princ_piece_climatisee_DOM"
"188","Res_princ_chauffe.eau_soire_DOM"
"189","Res_princ_electricite_DOM"
"190","Pers_Res_princ_occupees_gratuit"
"191","Pers_Res_princ_occupees_Locataires"
"192","Personnes_Res_princ"
"193","Res_princ_loge_gratuit"
"194","Res_princ_occupees_Locataires"
"195","Res_princ_maison_2006_2013"
"196","Res_princ_maison_1991_2005"
"197","Res_princ_maison_1971_1990"
"198","Res_princ_maison_1946_1970"
"199","Res_princ_maison_1919_1945"
"200","Res_princ_maison_avt_1919"
"201","Res_princ_2006_2013"
"202","Res_princ_1991_2005"
"203","Res_princ_1971_1990"
"204","Res_princ_1946_1970"
"205","Res_princ_1919_1945"
"206","Res_princ_avt_1919"
"207","Res_princ_moins_30_m2"
"208","Pieces_res_princ_maison"
"209","Res_princ_maison"
"210","Pieces_res_princ"
"211","Res_princ_4_pieces"
"212","Res_princ_3_pieces"
"213","Res_princ_2_pieces"
"214","Res_princ_1_piece"
"215","ecart_inter.quartile_rapporte_mediane"
"216","Pop_Femmes_20.64_ans"
"217","Pop_Femmes_0.19_ans"
"218","Pop_Femmes_60.74_ans"
"219","Pop_Femmes_45.59_ans"
"220","Pop_Femmes_30.44_ans"
"221","Pop_Femmes_15.29_ans"
"222","Pop_Femmes_0.14_ans"
"223","Pop_Hommes_20.64_ans"
"224","Pop_Hommes_0.19_ans"
"225","Pop_Hommes_60.74_ans"
"226","Pop_Hommes_45.59_ans"
"227","Pop_Hommes_30.44_ans"
"228","Pop_Hommes_15.29_ans"
"229","Pop_Hommes_0.14_ans"
"230","X1er_decile_euro"
"231","X2e_decile_euro"
"232","X3e_decile_euro"
"233","X4e_decile_euro"
"234","X6e_decile_euro"
"235","X7e_decile_euro"
"236","X8e_decile_euro"
"237","X9e_decile_euro"
"238","Adultes_handicapes_hebergement"
"239","Adultes_handicapes_services_aides"
"240","Adultes_handicapes_services_soins_domicile"
"241","Aeroport"
"242","Agence_immobiliere"
"243","Agence_postale"
"244","Agence_travail_temporaire"
"245","Agence_voyage"
"246","Aide_sociale_enfance_action_educative"
"247","Aide_sociale_enfance_hebergement"
"248","Antenne_justice"
"249","Athletisme"
"250","Autre_enseignement_superieur"
"251","Autre_enseignement_superieur_public"
"252","Baignade_amenagee"
"253","Boucherie_charcuterie"
"254","Boucle_randonnee"
"255","Boulodrome"
"256","Bowling"
"257","Camping"
"258","Centre_accueil_demandeur_asile"
"259","Centre_equestre"
"260","Centre_formation_apprentis_hors_agriculture"
"261","Centre_formation_apprentis_hors_agriculture_prive"
"262","Centre_formation_apprentis_hors_agriculture_public"
"263","Centre_lutte_cancer"
"264","Centre_medecine_preventive"
"265","Centre_provisoire_hebergement"
"266","Centre_sante"
"267","Chirurgien_dentiste"
"268","Cinema"
"269","Coiffure"
"270","College_appartenant_un_EP"
"271","College_appartenant_un_EP_public"
"272","Cour_appel"
"273","DDFiP"
"274","DGFiP"
"275","DRFiP"
"276","Dialyse"
"277","Dieteticien"
"278","Ecole_enseignement_superieur_agricole"
"279","Ecole_enseignement_superieur_agricole_prive"
"280","Ecole_enseignement_superieur_agricole_public"
"281","Ecole_ingenieurs"
"282","Ecole_ingenieurs_prive"
"283","Ecole_ingenieurs_public"
"284","Elev_Etud_Stag_non_remuneres_15.64_ans"
"285","Enfants_handicapes_hebergement"
"286","Enseignement_general_superieur_prive"
"287","Enseignement_general_superieur_prive2"
"288","Epicerie"
"289","Etablissement_psychiatrique"
"290","Etablissement_sante_court_sejour"
"291","Etablissement_sante_long_sejour"
"292","Etablissement_sante_moyen_sejour"
"293","GRETA"
"294","GRETA_public"
"295","Gendarmerie"
"296","Horlogerie_Bijouterie"
"297","Hotel"
"298","Infirmier"
"299","Information_Touristique"
"300","Librairie_papeterie_journaux"
"301","Lycee_enseignement_professionnel"
"302","Lycee_enseignement_professionnel_appartenant_un_EP"
"303","Lycee_enseignement_professionnel_appartenant_un_EP_public"
"304","Lycee_enseignement_professionnel_prive"
"305","Lycee_enseignement_professionnel_public"
"306","Magasin_vetements"
"307","Maternite"
"308","Musee"
"309","Nombre_salles_dans_le_cinema"
"310","Parcours_sportif_sante"
"311","Pharmacie"
"312","Police"
"313","Pop_men_fam_princ_Couple_sans_enfant"
"314","Produits_surgeles"
"315","Psychomotricien"
"316","Rapport_interdecile_D9_D1"
"317","Reseau_partenarial_pole_emploi"
"318","Residence_universitaire"
"319","Residence_universitaire_public"
"320","S80_S20"
"321","SEP_section_enseignement_professionnel"
"322","SEP_section_enseignement_professionnel_prive"
"323","SEP_section_enseignement_professionnel_public"
"324","Superette"
"325","Tennis"
"326","Tribunal_grande_instance"
"327","Urgences"
"328","Veterinaire"
"329","ecole_conduite"
"330","ecole_elementaire"
"331","ecole_elementaire_RPIC"
"332","ecole_elementaire_RPIC_public"
"333","ecole_elementaire_RPI_disperse"
"334","ecole_elementaire_RPI_disperse_public"
"335","ecole_elementaire_appartenant_un_EP"
"336","ecole_elementaire_appartenant_un_EP_public"
"337","ecole_elementaire_prive"
"338","ecole_elementaire_public"
"339","ecole_maternelle_appartenant_un_EP"
"340","ecole_maternelle_appartenant_un_EP_public"
"341","electricien"
"342","equipement_cyclisme"
"343","etablissement_thermal"
"344","Pop_men_emmenages_moins_2_ans"
"345","Pop_men_emmenages_entre_2.4_ans"
"346","Pop_men_emmenages_entre_5.9_ans"
"347","Pers_Res_princ_HLM_louees_vides"
"348","Anc_tot_Emmengt_Res_princ_annees"
"349","Res_princ_SDB_baignoire_douche_MET"
"350","Res_princ_Chauffage_Central_Collectif_MET"
"351","Res_princ_Chauffage_Central_Individuel_MET"
"352","Men_fam_princ_Couple_sans_enfant"
"353","Pop_men_fam_princ_Famille_mono"
"354","Pop_men_Pers_Ref_Prof_intermediaire"
"355","Fam_0_enfant_moins_25_ans"
"356","Fam_1_enfant_moins_25_ans"
"357","Fam_2_enfants_moins_25_ans"
"358","Fam_3_enfants_moins_25_ans"
"359","Fam_4_enfantsplus_moins_25_ans"
"360","Fam_Couple_sans_enfant"
"361","Fam_Monoparentales"
"362","Fam_Couple_enfant_s"
"363","Familles"
"364","Pop_men_Pers_Ref_Autre"
"365","Pop_men_Pers_Ref_Retraite"
"366","Pop_men_Pers_Ref_Ouvrier"
"367","Pop_men_Pers_Ref_Employe"
"368","Pop_men_Pers_Ref_Cadre_Prof_int_sup"
"369","Pop_men_Pers_Ref_Art_Com_Chef_entr"
"370","Pop_men_Pers_Ref_Agri_expl"
"371","Menages_Pers_Ref_Autre"
"372","Menages_Pers_Ref_Retraite"
"373","Menages_Pers_Ref_Ouvrier"
"374","Menages_Pers_Ref_Employe"
"375","Menages_Pers_Ref_Prof_intermediaire"
"376","Menages_Pers_Ref_Cadre_Prof_int_sup"
"377","Menages_Pers_Ref_Art_Comm_Chef_entr"
"378","Menages_Pers_Ref_Agri_expl"
"379","Pop_15_ansplus_Non_mariee"
"380","Pop_15_ansplus_Mariee"
"381","Pop_80_ansplus_vivant_seule"
"382","Pop_15_ansplus_ans_vivant_seule"
"383","Pop_men_80_ansplus"
"384","Pop_men_55.79_ans"
"385","Pop_men_25.54_ans"
"386","Pop_men_15.24_ans"
"387","Pop_men_15_ansplus"
"388","Pop_80_ansplus_2"
"389","Pop_55.79_ans"
"390","Pop_15_ansplus"
"391","Pop_men_fam_princ_Couple_enfant_s"
"392","Pop_men_famille_s"
"393","Pop_men_Autres_sans_famille"
"394","Pop_men_Femmes_seules"
"395","Pop_men_Hommes_seuls"
"396","Pop_men_Personnes_seules"
"397","Pop_Menages"
"398","Men_fam_princ_Famille_mono"
"399","Men_fam_princ_Couple_enfant_s"
"400","Menages_famille_s"
"401","Menages_Autres_sans_famille"
"402","Menages_Femmes_seules"
"403","Menages_Hommes_seuls"
"404","Menages_1_personne"
"405","Menages"
"406","Actif_occ_15_ansplus_transport_commun"
"407","Actif_occ_15_ansplus_voiture_camion"
"408","Actif_occ_15_ansplus_deux_roues"
"409","Actif_occ_15_ansplus_marche_pied"
"410","Actif_occ_15_ansplus_pas_transport"
"411","Actif_occ_15_ansplus"
"412","Actif_occ_15_ansplus_travaille_autre_region_hors_metropole"
"413","Actif_occ_15_ansplus_travaille_autre_region_metropole"
"414","Actif_occ_15_ansplus_travaille_autre_dept_meme_region_residence"
"415","Actif_occ_15_ansplus_travaille_autre_commune_meme_dept_residence"
"416","Actif_occ_15_ansplus_travaille_autre_commune_que_commune_residence"
"417","Actif_occ_15_ansplus_travaille_commune_residence"
"418","Non.saries_15_ansplus_Aides_familiaux"
"419","Non.saries_15_ansplus_Employeurs"
"420","Non.saries_15_ansplus_Independants"
"421","Saries_15_ansplus_Apprentissage.Stage"
"422","Saries_15_ansplus_Emplois_aides"
"423","Saries_15_ansplus_Interim"
"424","Saries_15_ansplus_CDD"
"425","Saries_15_ansplus_Fonct_publ_CDI"
"426","Non.saries_15_ansplus_TP"
"427","Saries_15_ansplus_TP_Femmes"
"428","Saries_15_ansplus_TP_Hommes"
"429","Saries_15_ansplus_TP"
"430","Actifs_occ_15_ansplus_TP"
"431","Non.saries_15_ansplus_Femmes"
"432","Non.saries_15_ansplus_Hommes"
"433","Non.saries_15_ansplus"
"434","Saries_15_ansplus_Femmes"
"435","Saries_15_ansplus_Hommes"
"436","Saries_15_ansplus"
"437","Actifs_occupes_15_ansplus_Femmes"
"438","Actifs_occupes_15_ansplus_Hommes"
"439","Actifs_occupes_15_ansplus"
"440","Actifs_occupes_15.64_ans_Ouvriers"
"441","Actifs_occ_15.64_ans_Artisans_Comm_Chefs_entr"
"442","Actifs_15.64_ans_Ouvriers"
"443","Actifs_15.64_ans_Artisans_Comm_Chefs_entr"
"444","Retraites_Preretraites_15.64_ans_Femmes"
"445","Retraites_Preretraites_15.64_ans_Hommes"
"446","Retraites_Preretraites_15.64_ans"
"447","Elev_Etud_Stag_non_remuneres_15.64_ans_Femmes"
"448","Elev_Etud_Stag_non_remuneres_15.64_ans_Hommes"
"449","Pop_55.64_ans"
"450","Pop_25.54_ans"
"451","Pop_15.24_ans"
"452","Pop_15.64_ans"
"453","Femmes_15_ansplus_non_scol_Enseignement_sup"
"454","Femmes_15_ansplus_non_scol_BAC"
"455","Femmes_15_ansplus_non_scol_CAP.BEP"
"456","Femmes_15_ansplus_non_scol_Sans_diplomeBEPC_brevetcolleges_DNB"
"457","Femmes_15_ansplus_non_scorisees"
"458","Hommes_15_ansplus_non_scol_Enseignement_sup"
"459","Hommes_15_ansplus_non_scol_BAC"
"460","Hommes_15_ansplus_non_scol_CAP.BEP"
"461","Hommes_15_ansplus_non_scol_Sans_diplomeBEPC_brevetcolleges_DNB"
"462","Hommes_15_ansplus_non_scorises"
"463","Pop_15_ansplus_non_scol_Enseignement_sup"
"464","Pop_15_ansplus_non_scol_BAC"
"465","Pop_15_ansplus_non_scol_CAP.BEP"
"466","Pop_15_ansplus_non_scol_Sans_diplomeBEPC_brevetcolleges_DNB"
"467","Pop_15_ansplus_non_scorisee"
"468","Pop_scorisee_30_ansplus"
"469","Autres_etablissements_pour_adultesfamilles_difficulte"
"470","CHRS_centre_hebergementde_readaptation_sociale"
"471","Enfants_handicapes_services_domicileambutoires"
"472","Creches"
"473","Personnes_agees_services_aide"
"474","Personnes_agees_hebergement"
"475","Magasin_materiel_medicalorthopedique"
"476","Parfumerie.Cosmetique"
"477","Magasin_revetements_murssols"
"478","Magasin_articles_sportsde_loisirs"
"479","Magasin_electromenagerde_materiel_audio.video"
"480","Magasin_equipementsfoyer"
"481","Boungerie"
"482","Grande_surface_bricoge"
"483","ecole_elementaire_RPI_disperse_ecole_pre.elementaire"
"484","ecole_elementaire_RPI_disperse_cantine"
"485","ecole_elementaire_csse_pre.elementaire"
"486","ecole_elementaire_cantine"
"487","ecole_elementaire_csse_pre.elementaire_prive"
"488","ecole_elementaire_cantine_prive"
"489","ecole_elementaire_RPI_disperse_ecole_pre.elementaire_public"
"490","ecole_elementaire_RPI_disperse_cantine_public"
"491","ecole_elementaire_csse_pre.elementaire_public"
"492","ecole_elementaire_cantine_public"
"493","SEP_section_enseignement_professionnel_internat"
"494","SEP_section_enseignement_professionnel_cantine"
"495","SGT_Section_enseignement_generaltechnologique_internat"
"496","SGT_Section_enseignement_generaltechnologique_cantine"
"497","SGT_Section_enseignement_generaltechnologique"
"498","Lycee_techniqueet_professionnel_agricole_internat"
"499","Lycee_techniqueet_professionnel_agricole_prepa_grandes_ecoles"
"500","Lycee_techniqueet_professionnel_agricole"
"501","Lycee_enseignement_professionnel_internat"
"502","Lycee_enseignement_professionnel_cantine"
"503","Lycee_enseignement_general_technologique_internat"
"504","Lycee_enseignement_general_technologique_appartenant_un_EP"
"505","Lycee_enseignement_general_technologique_prepa_grandes_ecoles"
"506","Lycee_enseignement_general_technologique_cantine"
"507","Lycee_enseignement_general_technologique"
"508","SEP_section_enseignement_professionnel_internat2"
"509","SEP_section_enseignement_professionnel_cantine_prive"
"510","SGT_Section_enseignement_generaltechnologique_internat_prive"
"511","SGT_Section_enseignement_generaltechnologique_cantine_prive"
"512","SGT_Section_enseignement_generaltechnologique_prive"
"513","Lycee_techniqueet_professionnel_agricole_internat_prive"
"514","Lycee_techniqueet_professionnel_agricole_prive"
"515","Lycee_enseignement_professionnel_internat_prive"
"516","Lycee_enseignement_professionnel_cantine_prive"
"517","Lycee_enseignement_general_technologique_internat_prive"
"518","Lycee_enseignement_general_technologique_prepa_grandes_ecoles_prive"
"519","Lycee_enseignement_general_technologique_cantine_prive"
"520","Lycee_enseignement_general_technologique_prive"
"521","SEP_section_enseignement_professionnel_internat_public"
"522","SEP_section_enseignement_professionnel_cantine_public"
"523","SGT_Section_enseignement_generaltechnologique_internat_public"
"524","SGT_Section_enseignement_generaltechnologique_cantine_public"
"525","SGT_Section_enseignement_generaltechnologique_public"
"526","Lycee_techniqueet_professionnel_agricole_internat_public"
"527","Lycee_techniqueet_professionnel_agricole_prepa_grandes_ecoles_public"
"528","Lycee_techniqueet_professionnel_agricole_public"
"529","Lycee_enseignement_professionnel_internat_public"
"530","Lycee_enseignement_professionnel_cantine_public"
"531","Lycee_enseignement_general_technologique_internat_public"
"532","Lycee_enseignement_general_technologique_EP_public"
"533","Lycee_enseignement_general_technologique_prepa_grandes_ecoles_public"
"534","Lycee_enseignement_general_technologique_cantine_public"
"535","Lycee_enseignement_general_technologique_public"
"536","Centre_dispensantformations_apprentissage_agricole_internat"
"537","Centre_dispensantformations_apprentissage_agricole"
"538","Formation_aux_metierssport"
"539","Centre_dispensant_formation_continue_agricole"
"540","Ecole_enseignement_superieur_agricole_internat"
"541","Unite_Formationde_Recherche"
"542","Section_Tech_Superieur_Csse_Prepa_Grandes_Ecoles"
"543","Centre_dispensantformations_apprentissage_agricole_internat_prive"
"544","Centre_dispensantformations_apprentissage_agricole_prive"
"545","Formation_aux_metierssport_prive"
"546","Centre_dispensant_formation_continue_agricole_prive"
"547","Section_Tech_Superieur_Csse_Prepa_aux_Grandes_Ecoles_prive"
"548","Centre_dispensantformations_apprentissage_agricole_internat_public"
"549","Centre_dispensantformations_apprentissage_agricole_public"
"550","Formation_aux_metierssport_public"
"551","Centre_dispensant_formation_continue_agricole_public"
"552","Ecole_enseignement_superieur_agricole_internat_public"
"553","Unite_Formationde_Recherche_public"
"554","Spe_radiodiagnosticimagerie_medicale"
"555","Spe_gastro.enterologie_hepatologie"
"556","Spe_dermatologie_venereologie"
"557","Medecin_generaliste"
"558","Conseil_departemental_acces_droit"
"559","Restaurant.Restauration_rapide"
"560","Entreprise_generalebatiment"
"561","Plombier_couvreur_chauffagiste"
"562","Menuisier_charpentier_serrurier"
"563","Macon"
"564","Reparation_autode_materiel_agricole"
"565","Banques_caisses_epargne"
"566","Maison_justicedu_droit"
"567","Conseilpru_hommes"
"568","Ambunce"
"569","boratoire_analysesde_biologie_medicales"
"570","Nombre_salles_dans_structure_culturelle"
"571","Salles_combat_moins_une_aire_pratique_couverte"
"572","Salles_combat.nombre_aires_pratique"
"573","Boucle_randonnee.nombre_circuits"
"574","Port_pisance.Mouilge.nombre_ports_zones"
"575","Port_pisance.Mouilge"
"576","Baignade_amenagee.nombre_aires_pratique"
"577","Salles_multisports_gymnase_moins_une_aire_pratique_couverte"
"578","Salles_multisports_gymnase_.nombre_aires_pratique"
"579","Salles_remise_forme_moins_une_aire_pratique_couverte"
"580","Salles_remise_forme.nombre_aires_pratique"
"581","Bowling_moins_une_aire_jeu_couverte"
"582","Bowling.nombre_aires_jeu"
"583","Sports_nautiques_moins_une_aire_pratique_couverte"
"584","Sports_nautiques.nombre_aires_pratique"
"585","Roller.Skate.Velo_bicrossfreestyle_moins_un_equipement_ecire"
"586","Roller.Skate.Velo_bicrossfreestyle_moins_un_equipement_couvert"
"587","Roller.Skate.Velo_bicrossfreestyle.nombre_pistes"
"588","Roller.Skate.Velo_bicrossfreestyle"
"589","Salles_non_specialisees_moins_un_equipement_ecire"
"590","Salles_non_specialisees_moins_un_equipement_couvert"
"591","Salles_non_specialisees.nombre_equipements_o√π_exerce_moins_une_activite_physique_sportive"
"592","Terrains_grands_jeux_moins_un_terrain_couvert"
"593","Terrains_grands_jeux.nombre_terrains"
"594","Salles_specialisees_moins_une_aire_pratique_couverte"
"595","Salles_specialisees.nombre_aires_pratique"
"596","Pteauxterrains_jeux_exterieurs_moins_une_aire_pratique_eciree"
"597","Pteauxterrains_jeux_exterieurs_moins_une_aire_pratique_couverte"
"598","Pteauxterrains_jeux_exterieurs.nombre_aires_pratique"
"599","Pteauxterrains_jeux_exterieurs"
"600","Sports_gce_moins_une_aire_pratique_couverte"
"601","Sports_gce.nombre_aires_pratique"
"602","Parcours_sportif_sante_moins_un_parcours_ecire"
"603","Parcours_sportif_sante_moins_un_parcours_couvert"
"604","Parcours_sportif_sante.nombre_parcours"
"605","Terrain_golf_moins_une_aire_pratique_couverte"
"606","Terrain_golf.nombre_aires_pratique"
"607","Athletisme_moins_une_aire_pratique_eciree"
"608","Athletisme_moins_une_aire_pratique_couverte"
"609","Athletisme.nombre_aires_pratique"
"610","Centre_equestre_moins_un_equipement_ecire"
"611","Centre_equestre_moins_un_equipement_couvert"
"612","Centre_equestre.nombre_carrieres_maneges"
"613","Domaine_skiable.nombre_pistes"
"614","equipement_cyclisme_moins_une_piste_eciree"
"615","equipement_cyclisme_moins_une_piste_couverte"
"616","equipement_cyclisme.nombre_pistes"
"617","Tennis_moins_un_court_ecire"
"618","Tennis_moins_un_court_couvert"
"619","Tennis.nombre_courts"
"620","Boulodrome_moins_un_terrain_ecire"
"621","Boulodrome_moins_un_terrain_couvert"
"622","Boulodrome.nombre_terrains"
"623","Bassin_natation_moins_un_bassin_couvert"
"624","Bassin_natation.nombre_bassins_natation_sportive_ludique"
"625","Gare_voyageurs_interet_local"
"626","Gare_voyageurs_interet_regional"
"627","Gare_voyageurs_interet_national"
"628","Taxi.VTC"
"629","MaisonsImmeubles_dur_DOM"
"630","MaisonsImmeubles_bois_DOM"
"631","Menages_deux_voituresplus"
"632","Menages_une_voiture"
"633","Menages_moins_une_voiture"
"634","Menages_moins_un_parking"
"635","Res_princ_tout_egout_DOM"
"636","Res_princ_Bain_Douche_WC_DOM"
"637","Res_princ_eau_chaude_DOM"
"638","Res_princ_Chauffage_Individuel_elec_MET"
"639","Anc_tot_Emmengt_Res_princ_occ_gratuit_annees"
"640","Anc_tot_Emmengt_Res_princ_HLM_louees_vides_annees"
"641","Anc_tot_Emmengt_Res_princ_occLocataires_annees"
"642","Anc_tot_Emmengt_Res_princ_occProprietaires_annees"
"643","Pers_Res_princ_occupees_Proprietaires"
"644","Res_princ_HLM_louee_vide"
"645","Res_princ_occupees_Proprietaires"
"646","Pieces_Res_princ_Men_emmenages_depuis_10_ansplus"
"647","Pieces_Res_princ_Men_emmenages_entre_5.9_ans"
"648","Pieces_Res_princ_Men_emmenages_entre_2.4_ans"
"649","Pieces_Res_princ_Men_emmenages_moins_2_ans"
"650","Pop_men_emmenages_depuis_10_ansplus"
"651","Pop_menages"
"652","Menages_emmenages_depuis_10_ansplus"
"653","Menages_emmenages_entre_5.9_ans"
"654","Menages_emmenages_entre_2.4_ans"
"655","Menages_emmenages_moins_2_ans"
"656","Menages2"
"657","Res_princ_appart_2006_2013"
"658","Res_princ_appart_1991_2005"
"659","Res_princ_appart_1971_1990"
"660","Res_princ_appart_1946_1970"
"661","Res_princ_appart_1919_1945"
"662","Res_princ_appart_avt_1919"
"663","Res_princ_appart_avt"
"664","Res_princ_maison_avt"
"665","Res_princ_avt"
"666","Res_princ_120_m2plus"
"667","Pieces_res_princ_appartement"
"668","Res_princ_appartement"
"669","Res_princ_5_piecesplus"
"670","Appartements"
"671","Maisons"
"672","Logements_vacants"
"673","Res_secondaireslogts_occasionnels"
"674","Residences_principales"
"675","Logements"
"676","Note_precaution_voir_onglet_seuils"
"677","Partrevenus_activite_tx"
"678","Partautres_revenus_tx"
"679","Partpensions_retraitesrentes_tx"
"680","dont_partrevenusactivites_non_sariees_tx"
"681","dont_partindemnites_chomage_tx"
"682","dont_partsairestraitements_tx"
"683","Taux_bas_revenus_decres_seuil_60_tx_tx"
"684","Partmenages_fiscaux_imposes_tx"
"685","Pop_hors_menages"
"686","Pop_menages_2"
"687","Pop_Immigres"
"688","Pop_Etrangers"
"689","Pop_Francais"
"690","Pop_15_ansplus_Femmes_Autres"
"691","Pop_15_ansplus_Femmes_Retraites"
"692","Pop_15_ansplus_Femmes_Ouvriers"
"693","Pop_15_ansplus_Femmes_Employes"
"694","Pop_15_ansplus_Femmes_Prof_intermediaires"
"695","Pop_15_ansplus_Femmes_Cadres_Prof_intel_sup"
"696","Pop_15_ansplus_Femmes_Artisans_Comm_Chefs_entr"
"697","Pop_15_ansplus_Femmes_Agriculteurs_exploitants"
"698","Pop_15_ansplus_Femmes"
"699","Pop_15_ansplus_Hommes_Autres"
"700","Pop_15_ansplus_Hommes_Retraites"
"701","Pop_15_ansplus_Hommes_Ouvriers"
"702","Pop_15_ansplus_Hommes_Employes"
"703","Pop_15_ansplus_Hommes_Prof_intermediaires"
"704","Pop_15_ansplus_Hommes_Cadres_Prof_intel_sup"
"705","Pop_15_ansplus_Hommes_Artisans_Comm_Chefs_entr"
"706","Pop_15_ansplus_Hommes_Agriculteurs_exploitants"
"707","Pop_15_ansplus_Hommes"
"708","Pop_15_ansplus_Autres"
"709","Pop_15_ansplus_Retraites"
"710","Pop_15_ansplus_Ouvriers"
"711","Pop_15_ansplus_Employes"
"712","Pop_15_ansplus_Prof_intermediaires"
"713","Pop_15_ansplus_Cadres_Prof_intel_sup"
"714","Pop_15_ansplus_Artisans_Comm_Chefs_entr"
"715","Pop_15_ansplus_Agriculteurs_exploitants"
"716","Pop_15_ansplus2"
"717","Pop_Femmes_65_ansplus"
"718","Pop_Femmes_75_ansplus"
"719","Pop_Femmes"
"720","Pop_Hommes_65_ansplus"
"721","Pop_Hommes_75_ansplus"
"722","Pop_Hommes"
"723","Pop_65_ansplus"
"724","Pop_20.64_ans"
"725","Pop_0.19_ans"
"726","Pop_75_ansplus"
"727","Pop_60.74_ans"
"728","Pop_45.59_ans"
"729","Pop_30.44_ans"
"730","Pop_15.29_ans"
"731","Pop_0.14_ans"
"732","Pop_80_ansplus"
"733","Pop_65.79_ans"
"734","Pop_55.64_ans_2"
"735","Pop_40.54_ans"
"736","Pop_25.39_ans"
"737","Pop_11.17_ans"
"738","Pop_3.5_ans"
"739","Pop_0.2_ans"
"740","Popution"
"741","Pop_18.24_ans"
"742","Pop_6.10_ans"
"743","Delta_1er_decile_euro"
"744","Delta_1er_quartile_euro"
"745","Delta_2e_decile_euro"
"746","Delta_3e_decile_euro"
"747","Delta_3e_quartile_euro"
"748","Delta_4e_decile_euro"
"749","Delta_6e_decile_euro"
"750","Delta_7e_decile_euro"
"751","Delta_8e_decile_euro"
"752","Delta_9e_decile_euro"
"753","Delta_Adultes_handicapes_hebergement"
"754","Delta_Adultes_handicapes_services_aides"
"755","Delta_Adultes_handicapes_services_soins_domicile"
"756","Delta_Aeroport"
"757","Delta_Agence_immobiliere"
"758","Delta_Agence_postale"
"759","Delta_Agence_travail_temporaire"
"760","Delta_Agence_voyage"
"761","Delta_Aide_sociale_enfance_action_educative"
"762","Delta_Aide_sociale_enfance_hebergement"
"763","Delta_Antenne_justice"
"764","Delta_Athletisme"
"765","Delta_Audio_prothesiste"
"766","Delta_Autre_enseignement_superieur"
"767","Delta_Autre_enseignement_superieur_prive"
"768","Delta_Autre_enseignement_superieur_public"
"769","Delta_Autre_formation_continue"
"770","Delta_Autre_formation_continue_prive"
"771","Delta_Autre_formation_continue_public"
"772","Delta_Autre_formation_post_bac_non_universitaire"
"773","Delta_Autre_formation_post_bac_non_universitaire_prive"
"774","Delta_Autre_formation_post_bac_non_universitaire_public"
"775","Delta_Baignade_amenagee"
"776","Delta_Bassin_natation"
"777","Delta_Boucherie_charcuterie"
"778","Delta_Boucle_randonnee"
"779","Delta_Boulodrome"
"780","Delta_Bowling"
"781","Delta_Bureau_poste"
"782","Delta_Camping"
"783","Delta_Centre_accueil_demandeur_asile"
"784","Delta_Centre_equestre"
"785","Delta_Centre_formation_apprentis_hors_agriculture"
"786","Delta_Centre_formation_apprentis_hors_agriculture_prive"
"787","Delta_Centre_formation_apprentis_hors_agriculture_public"
"788","Delta_Centre_lutte_cancer"
"789","Delta_Centre_medecine_preventive"
"790","Delta_Centre_provisoire_hebergement"
"791","Delta_Centre_sante"
"792","Delta_Chirurgien_dentiste"
"793","Delta_Cinema"
"794","Delta_Coiffure"
"795","Delta_College"
"796","Delta_College_appartenant_un_EP"
"797","Delta_College_appartenant_un_EP_prive"
"798","Delta_College_appartenant_un_EP_public"
"799","Delta_College_prive"
"800","Delta_College_public"
"801","Delta_Conservatoire"
"802","Delta_Controle_technique_auto"
"803","Delta_Cour_appel"
"804","Delta_DDFiP"
"805","Delta_DGFiP"
"806","Delta_DRFiP"
"807","Delta_Dialyse"
"808","Delta_Dieteticien"
"809","Delta_Domaine_skiable"
"810","Delta_Ecole_enseignement_superieur_agricole"
"811","Delta_Ecole_enseignement_superieur_agricole_prive"
"812","Delta_Ecole_enseignement_superieur_agricole_public"
"813","Delta_Ecole_ingenieurs"
"814","Delta_Ecole_ingenieurs_prive"
"815","Delta_Ecole_ingenieurs_public"
"816","Delta_Elev_Etud_Stag_non_remuneres_15.64_ans"
"817","Delta_Enfants_handicapes_hebergement"
"818","Delta_Enseignement_general_superieur_prive"
"819","Delta_Enseignement_general_superieur_prive2"
"820","Delta_Epicerie"
"821","Delta_Ergotherapeute"
"822","Delta_Etablissement_psychiatrique"
"823","Delta_Etablissement_sante_court_sejour"
"824","Delta_Etablissement_sante_long_sejour"
"825","Delta_Etablissement_sante_moyen_sejour"
"826","Delta_Formation_commerce"
"827","Delta_Formation_commerce_prive"
"828","Delta_Formation_commerce_public"
"829","Delta_Formation_sante"
"830","Delta_Formation_sante_prive"
"831","Delta_Formation_sante_public"
"832","Delta_GRETA"
"833","Delta_GRETA_prive"
"834","Delta_GRETA_public"
"835","Delta_Gendarmerie"
"836","Delta_Horlogerie_Bijouterie"
"837","Delta_Hospitalisation_domicile"
"838","Delta_Hotel"
"839","Delta_Hypermarche"
"840","Delta_Indice_Gini"
"841","Delta_Infirmier"
"842","Delta_Information_Touristique"
"843","Delta_Institut_universitaire"
"844","Delta_Institut_universitaire_prive"
"845","Delta_Institut_universitaire_public"
"846","Delta_Librairie_papeterie_journaux"
"847","Delta_Location_auto.utilitaires_legers"
"848","Delta_Lycee_enseignement_professionnel"
"849","Delta_Lycee_enseignement_professionnel_appartenant_un_EP"
"850","Delta_Lycee_enseignement_professionnel_appartenant_un_EP_prive"
"851","Delta_Lycee_enseignement_professionnel_appartenant_un_EP_public"
"852","Delta_Lycee_enseignement_professionnel_prive"
"853","Delta_Lycee_enseignement_professionnel_public"
"854","Delta_Magasin_chaussures"
"855","Delta_Magasin_meubles"
"856","Delta_Magasin_optique"
"857","Delta_Magasin_vetements"
"858","Delta_Maison_sante_pluridisciplinaires"
"859","Delta_Masseur_kinesitherapeute"
"860","Delta_Maternite"
"861","Delta_Mediane_euro"
"862","Delta_Musee"
"863","Delta_Nombre_salles_dans_le_cinema"
"864","Delta_Orthophoniste"
"865","Delta_Orthoptiste"
"866","Delta_Parcours_sportif_sante"
"867","Delta_Pedicure.podologue"
"868","Delta_Pharmacie"
"869","Delta_Poissonnerie"
"870","Delta_Police"
"871","Delta_Pompes_funebres"
"872","Delta_Pop_men_fam_princ_Couple_sans_enfant"
"873","Delta_Produits_surgeles"
"874","Delta_Psychologue"
"875","Delta_Psychomotricien"
"876","Delta_REGION"
"877","Delta_Rapport_interdecile_D9_D1"
"878","Delta_Reseau_partenarial_pole_emploi"
"879","Delta_Reseau_proximite_pole_emploi"
"880","Delta_Reseau_specialise_pole_emploi"
"881","Delta_Residence_universitaire"
"882","Delta_Residence_universitaire_prive"
"883","Delta_Residence_universitaire_public"
"884","Delta_Restaurant_universitaire"
"885","Delta_Restaurant_universitaire_prive"
"886","Delta_Restaurant_universitaire_public"
"887","Delta_S80_S20"
"888","Delta_SEP_section_enseignement_professionnel"
"889","Delta_SEP_section_enseignement_professionnel_prive"
"890","Delta_SEP_section_enseignement_professionnel_public"
"891","Delta_Sage.femme"
"892","Delta_Salles_combat"
"893","Delta_Salles_multisports_gymnase"
"894","Delta_Salles_non_specialisees"
"895","Delta_Salles_remise_forme"
"896","Delta_Salles_specialisees"
"897","Delta_Sports_nautiques"
"898","Delta_Station_service"
"899","Delta_Superette"
"900","Delta_Superficie"
"901","Delta_Supermarche"
"902","Delta_Tennis"
"903","Delta_Terrain_golf"
"904","Delta_Terrains_grands_jeux"
"905","Delta_Transfusion_sanguine"
"906","Delta_Travail_protege"
"907","Delta_Tribunal_commerce"
"908","Delta_Tribunal_grande_instance"
"909","Delta_Tribunal_instance"
"910","Delta_Urgences"
"911","Delta_Veterinaire"
"912","Delta_ecole_conduite"
"913","Delta_ecole_elementaire"
"914","Delta_ecole_elementaire_RPIC"
"915","Delta_ecole_elementaire_RPIC_prive"
"916","Delta_ecole_elementaire_RPIC_public"
"917","Delta_ecole_elementaire_RPI_disperse"
"918","Delta_ecole_elementaire_RPI_disperse_appartenant_un_EP"
"919","Delta_ecole_elementaire_RPI_disperse_prive"
"920","Delta_ecole_elementaire_RPI_disperse_public"
"921","Delta_ecole_elementaire_appartenant_un_EP"
"922","Delta_ecole_elementaire_appartenant_un_EP_prive"
"923","Delta_ecole_elementaire_appartenant_un_EP_public"
"924","Delta_ecole_elementaire_prive"
"925","Delta_ecole_elementaire_public"
"926","Delta_ecole_maternelle"
"927","Delta_ecole_maternelle_RPIC"
"928","Delta_ecole_maternelle_RPIC_appartenant_un_EP"
"929","Delta_ecole_maternelle_RPIC_appartenant_un_EP_prive"
"930","Delta_ecole_maternelle_RPIC_appartenant_un_EP_public"
"931","Delta_ecole_maternelle_RPIC_prive"
"932","Delta_ecole_maternelle_RPIC_public"
"933","Delta_ecole_maternelle_RPI_disperse"
"934","Delta_ecole_maternelle_RPI_disperse_prive"
"935","Delta_ecole_maternelle_RPI_disperse_public"
"936","Delta_ecole_maternelle_appartenant_un_EP"
"937","Delta_ecole_maternelle_appartenant_un_EP_prive"
"938","Delta_ecole_maternelle_appartenant_un_EP_public"
"939","Delta_ecole_maternelle_prive"
"940","Delta_ecole_maternelle_public"
"941","Delta_electricien"
"942","Delta_equipement_cyclisme"
"943","Delta_etablissement_thermal"
"944","Delta_Res_princ_30_moins_40_m2"
"945","Delta_Res_princ_40_moins_60_m2"
"946","Delta_Res_princ_60_moins_80_m2"
"947","Delta_Res_princ_80_moins_100_m2"
"948","Delta_Res_princ_100_moins_120_m2"
"949","Delta_Pop_men_emmenages_moins_2_ans"
"950","Delta_Pop_men_emmenages_entre_2.4_ans"
"951","Delta_Pop_men_emmenages_entre_5.9_ans"
"952","Delta_Pers_Res_princ_HLM_louees_vides"
"953","Delta_Anc_tot_Emmengt_Res_princ_annees"
"954","Delta_Res_princ_SDB_baignoire_douche_MET"
"955","Delta_Res_princ_Chauffage_Central_Collectif_MET"
"956","Delta_Res_princ_Chauffage_Central_Individuel_MET"
"957","Delta_Actifs_occ_15.64_ans_Agriculteurs_exploitants"
"958","Delta_Men_fam_princ_Couple_sans_enfant"
"959","Delta_Pop_men_fam_princ_Famille_mono"
"960","Delta_Pop_men_Pers_Ref_Prof_intermediaire"
"961","Delta_Fam_0_enfant_moins_25_ans"
"962","Delta_Fam_1_enfant_moins_25_ans"
"963","Delta_Fam_2_enfants_moins_25_ans"
"964","Delta_Fam_3_enfants_moins_25_ans"
"965","Delta_Fam_4_enfantsplus_moins_25_ans"
"966","Delta_Fam_Couple_sans_enfant"
"967","Delta_Fam_Monoparentales"
"968","Delta_Fam_Couple_enfant_s"
"969","Delta_Familles"
"970","Delta_Pop_men_Pers_Ref_Autre"
"971","Delta_Pop_men_Pers_Ref_Retraite"
"972","Delta_Pop_men_Pers_Ref_Ouvrier"
"973","Delta_Pop_men_Pers_Ref_Employe"
"974","Delta_Pop_men_Pers_Ref_Agri_expl"
"975","Delta_Menages_Pers_Ref_Autre"
"976","Delta_Menages_Pers_Ref_Retraite"
"977","Delta_Menages_Pers_Ref_Ouvrier"
"978","Delta_Menages_Pers_Ref_Employe"
"979","Delta_Menages_Pers_Ref_Prof_intermediaire"
"980","Delta_Menages_Pers_Ref_Agri_expl"
"981","Delta_Pop_15_ansplus_Non_mariee"
"982","Delta_Pop_15_ansplus_Mariee"
"983","Delta_Pop_80_ansplus_vivant_seule"
"984","Delta_Pop_55.79_ans_vivant_seule"
"985","Delta_Pop_25.54_ans_vivant_seule"
"986","Delta_Pop_15.24_ans_vivant_seule"
"987","Delta_Pop_15_ansplus_ans_vivant_seule"
"988","Delta_Pop_men_80_ansplus"
"989","Delta_Pop_men_55.79_ans"
"990","Delta_Pop_men_25.54_ans"
"991","Delta_Pop_men_15.24_ans"
"992","Delta_Pop_men_15_ansplus"
"993","Delta_Pop_80_ansplus_2"
"994","Delta_Pop_55.79_ans"
"995","Delta_Pop_25.54_ans_2"
"996","Delta_Pop_15.24_ans_2"
"997","Delta_Pop_15_ansplus"
"998","Delta_Pop_men_fam_princ_Couple_enfant_s"
"999","Delta_Pop_men_famille_s"
"1000","Delta_Pop_men_Autres_sans_famille"
"1001","Delta_Pop_men_Femmes_seules"
"1002","Delta_Pop_men_Hommes_seuls"
"1003","Delta_Pop_men_Personnes_seules"
"1004","Delta_Pop_Menages"
"1005","Delta_Men_fam_princ_Famille_mono"
"1006","Delta_Men_fam_princ_Couple_enfant_s"
"1007","Delta_Menages_famille_s"
"1008","Delta_Menages_Autres_sans_famille"
"1009","Delta_Menages_Femmes_seules"
"1010","Delta_Menages_Hommes_seuls"
"1011","Delta_Menages_1_personne"
"1012","Delta_Menages"
"1013","Delta_Actif_occ_15_ansplus_transport_commun"
"1014","Delta_Actif_occ_15_ansplus_voiture_camion"
"1015","Delta_Actif_occ_15_ansplus_deux_roues"
"1016","Delta_Actif_occ_15_ansplus_marche_pied"
"1017","Delta_Actif_occ_15_ansplus_pas_transport"
"1018","Delta_Actif_occ_15_ansplus"
"1019","Delta_Actif_occ_15_ansplus_travaille_autre_region_hors_metropole"
"1020","Delta_Actif_occ_15_ansplus_travaille_autre_region_metropole"
"1021","Delta_Actif_occ_15_ansplus_travaille_autre_dept_meme_region_residence"
"1022","Delta_Actif_occ_15_ansplus_travaille_autre_commune_meme_dept_residence"
"1023","Delta_Actif_occ_15_ansplus_travaille_autre_commune_que_commune_residence"
"1024","Delta_Actif_occ_15_ansplus_travaille_commune_residence"
"1025","Delta_Non.saries_15_ansplus_Aides_familiaux"
"1026","Delta_Non.saries_15_ansplus_Employeurs"
"1027","Delta_Non.saries_15_ansplus_Independants"
"1028","Delta_Saries_15_ansplus_Apprentissage.Stage"
"1029","Delta_Saries_15_ansplus_Emplois_aides"
"1030","Delta_Saries_15_ansplus_Interim"
"1031","Delta_Saries_15_ansplus_CDD"
"1032","Delta_Saries_15_ansplus_Fonct_publ_CDI"
"1033","Delta_Non.saries_15_ansplus_TP"
"1034","Delta_Saries_15_ansplus_TP_Femmes"
"1035","Delta_Saries_15_ansplus_TP_Hommes"
"1036","Delta_Saries_15_ansplus_TP"
"1037","Delta_Actifs_occ_15_ansplus_TP"
"1038","Delta_Non.saries_15_ansplus_Femmes"
"1039","Delta_Non.saries_15_ansplus_Hommes"
"1040","Delta_Non.saries_15_ansplus"
"1041","Delta_Saries_15_ansplus_Femmes"
"1042","Delta_Saries_15_ansplus_Hommes"
"1043","Delta_Saries_15_ansplus"
"1044","Delta_Actifs_occupes_15_ansplus_Femmes"
"1045","Delta_Actifs_occupes_15_ansplus_Hommes"
"1046","Delta_Actifs_occupes_15_ansplus"
"1047","Delta_Actifs_occupes_15.64_ans_Ouvriers"
"1048","Delta_Actifs_occupes_15.64_ans_Employes"
"1049","Delta_Actifs_occ_15.64_ans_Prof_intermediaires"
"1050","Delta_Actifs_occ_15.64_ans_Cadres_Prof_intel_sup"
"1051","Delta_Actifs_occ_15.64_ans_Artisans_Comm_Chefs_entr"
"1052","Delta_Actifs_occupes_15.64_ans"
"1053","Delta_Actifs_15.64_ans_Ouvriers"
"1054","Delta_Actifs_15.64_ans_Employes"
"1055","Delta_Actifs_15.64_ans_Prof_intermediaires"
"1056","Delta_Actifs_15.64_ans_Cadres_Prof_intel_sup"
"1057","Delta_Actifs_15.64_ans_Artisans_Comm_Chefs_entr"
"1058","Delta_Actifs_15.64_ans_Agriculteurs_exploitants"
"1059","Delta_Actifs_15.64_ans"
"1060","Delta_Autres_inactifs_15.64_ans_Femmes"
"1061","Delta_Autres_inactifs_15.64_ans_Hommes"
"1062","Delta_Autres_inactifs_15.64_ans"
"1063","Delta_Retraites_Preretraites_15.64_ans_Femmes"
"1064","Delta_Retraites_Preretraites_15.64_ans_Hommes"
"1065","Delta_Retraites_Preretraites_15.64_ans"
"1066","Delta_Elev_Etud_Stag_non_remuneres_15.64_ans_Femmes"
"1067","Delta_Elev_Etud_Stag_non_remuneres_15.64_ans_Hommes"
"1068","Delta_Inactifs_15.64_ans_Femmes"
"1069","Delta_Inactifs_15.64_ans_Hommes"
"1070","Delta_Inactifs_15.64_ans"
"1071","Delta_Chomeurs_15.64_ans_Femmes"
"1072","Delta_Chomeurs_15.64_ans_Hommes"
"1073","Delta_Chomeurs_55.64_ans"
"1074","Delta_Chomeurs_25.54_ans"
"1075","Delta_Chomeurs_15.24_ans"
"1076","Delta_Chomeurs_15.64_ans"
"1077","Delta_Actifs_occupes_55.64_ans_Femmes"
"1078","Delta_Actifs_occupes_25.54_ans_Femmes"
"1079","Delta_Actifs_occupes_15.24_ans_Femmes"
"1080","Delta_Actifs_occupes_15.64_ans_Femmes"
"1081","Delta_Actifs_occupes_55.64_ans_Hommes"
"1082","Delta_Actifs_occupes_25.54_ans_Hommes"
"1083","Delta_Actifs_occupes_15.24_ans_Hommes"
"1084","Delta_Actifs_occupes_15.64_ans_Hommes"
"1085","Delta_Actifs_occupes_55.64_ans"
"1086","Delta_Actifs_occupes_25.54_ans"
"1087","Delta_Actifs_occupes_15.24_ans"
"1088","Delta_Actifs_occupes_15.64_ans2"
"1089","Delta_Actifs_55.64_ans_Femmes"
"1090","Delta_Actifs_25.54_ans_Femmes"
"1091","Delta_Actifs_15.24_ans_Femmes"
"1092","Delta_Actifs_15.64_ans_Femmes"
"1093","Delta_Actifs_55.64_ans_Hommes"
"1094","Delta_Actifs_25.54_ans_Hommes"
"1095","Delta_Actifs_15.24_ans_Hommes"
"1096","Delta_Actifs_15.64_ans_Hommes"
"1097","Delta_Actifs_55.64_ans"
"1098","Delta_Actifs_25.54_ans"
"1099","Delta_Actifs_15.24_ans"
"1100","Delta_Actifs_15.64_ans2"
"1101","Delta_Pop_55.64_ans_Femmes"
"1102","Delta_Pop_25.54_ans_Femmes"
"1103","Delta_Pop_15.24_ans_Femmes"
"1104","Delta_Pop_15.64_ans_Femmes"
"1105","Delta_Pop_55.64_ans_Hommes"
"1106","Delta_Pop_25.54_ans_Hommes"
"1107","Delta_Pop_15.24_ans_Hommes"
"1108","Delta_Pop_15.64_ans_Hommes"
"1109","Delta_Pop_55.64_ans"
"1110","Delta_Pop_25.54_ans"
"1111","Delta_Pop_15.24_ans"
"1112","Delta_Pop_15.64_ans"
"1113","Delta_Femmes_15_ansplus_non_scol_Enseignement_sup"
"1114","Delta_Femmes_15_ansplus_non_scol_BAC"
"1115","Delta_Femmes_15_ansplus_non_scol_CAP.BEP"
"1116","Delta_Femmes_15_ansplus_non_scol_Sans_diplomeBEPC_brevetcolleges_DNB"
"1117","Delta_Femmes_15_ansplus_non_scorisees"
"1118","Delta_Hommes_15_ansplus_non_scol_Enseignement_sup"
"1119","Delta_Hommes_15_ansplus_non_scol_BAC"
"1120","Delta_Hommes_15_ansplus_non_scol_CAP.BEP"
"1121","Delta_Hommes_15_ansplus_non_scol_Sans_diplomeBEPC_brevetcolleges_DNB"
"1122","Delta_Hommes_15_ansplus_non_scorises"
"1123","Delta_Pop_15_ansplus_non_scol_Enseignement_sup"
"1124","Delta_Pop_15_ansplus_non_scol_BAC"
"1125","Delta_Pop_15_ansplus_non_scol_CAP.BEP"
"1126","Delta_Pop_15_ansplus_non_scol_Sans_diplomeBEPC_brevetcolleges_DNB"
"1127","Delta_Pop_15_ansplus_non_scorisee"
"1128","Delta_Pop_scorisee_30_ansplus"
"1129","Delta_Pop_scorisee_25.29_ans"
"1130","Delta_Pop_scorisee_18.24_ans"
"1131","Delta_Pop_scorisee_15.17_ans"
"1132","Delta_Pop_scorisee_11.14_ans"
"1133","Delta_Pop_scorisee_6.10_ans"
"1134","Delta_Pop_scorisee_2.5_ans"
"1135","Delta_Autres_etablissements_pour_adultesfamilles_difficulte"
"1136","Delta_CHRS_centre_hebergementde_readaptation_sociale"
"1137","Delta_Enfants_handicapes_services_domicileambutoires"
"1138","Delta_Personnes_agees_services_repas_domicile"
"1139","Delta_Personnes_agees_foyer_restaurant"
"1140","Delta_Personnes_agees_services_aide"
"1141","Delta_Personnes_agees_soins_domicile"
"1142","Delta_Personnes_agees_hebergement"
"1143","Delta_Magasin_materiel_medicalorthopedique"
"1144","Delta_Droguerie_quincaillerie_bricoge"
"1145","Delta_Magasin_revetements_murssols"
"1146","Delta_Magasin_articles_sportsde_loisirs"
"1147","Delta_Magasin_electromenagerde_materiel_audio.video"
"1148","Delta_Magasin_equipementsfoyer"
"1149","Delta_Boungerie"
"1150","Delta_Grande_surface_bricoge"
"1151","Delta_ecole_elementaire_RPI_disperse_ecole_pre.elementaire"
"1152","Delta_ecole_elementaire_RPI_disperse_cantine"
"1153","Delta_ecole_elementaire_csse_pre.elementaire"
"1154","Delta_ecole_elementaire_cantine"
"1155","Delta_ecole_maternelle_RPI_disperse_cantine"
"1156","Delta_ecole_maternelle_cantine"
"1157","Delta_ecole_elementaire_RPI_disperse_appartenant_un_reseau_education_prioritaire_prive"
"1158","Delta_ecole_elementaire_RPI_disperse_ecole_pre.elementaire_prive"
"1159","Delta_ecole_elementaire_RPI_disperse_cantine_prive"
"1160","Delta_ecole_elementaire_csse_pre.elementaire_prive"
"1161","Delta_ecole_elementaire_cantine_prive"
"1162","Delta_ecole_maternelle_RPI_disperse_cantine_prive"
"1163","Delta_ecole_maternelle_cantine_prive"
"1164","Delta_ecole_elementaire_RPI_disperse_appartenant_un_EP_public"
"1165","Delta_ecole_elementaire_RPI_disperse_ecole_pre.elementaire_public"
"1166","Delta_ecole_elementaire_RPI_disperse_cantine_public"
"1167","Delta_ecole_elementaire_csse_pre.elementaire_public"
"1168","Delta_ecole_elementaire_cantine_public"
"1169","Delta_ecole_maternelle_RPI_disperse_cantine_public"
"1170","Delta_ecole_maternelle_cantine_public"
"1171","Delta_SEP_section_enseignement_professionnel_internat"
"1172","Delta_SEP_section_enseignement_professionnel_cantine"
"1173","Delta_SGT_Section_enseignement_generaltechnologique_internat"
"1174","Delta_SGT_Section_enseignement_generaltechnologique_cantine"
"1175","Delta_SGT_Section_enseignement_generaltechnologique"
"1176","Delta_Lycee_techniqueet_professionnel_agricole_internat"
"1177","Delta_Lycee_techniqueet_professionnel_agricole_prepa_grandes_ecoles"
"1178","Delta_Lycee_techniqueet_professionnel_agricole"
"1179","Delta_Lycee_enseignement_professionnel_internat"
"1180","Delta_Lycee_enseignement_professionnel_prepa_grandes_ecoles"
"1181","Delta_Lycee_enseignement_professionnel_cantine"
"1182","Delta_Lycee_enseignement_general_technologique_internat"
"1183","Delta_Lycee_enseignement_general_technologique_appartenant_un_EP"
"1184","Delta_Lycee_enseignement_general_technologique_prepa_grandes_ecoles"
"1185","Delta_Lycee_enseignement_general_technologique_cantine"
"1186","Delta_Lycee_enseignement_general_technologique"
"1187","Delta_College_internat"
"1188","Delta_College_cantine"
"1189","Delta_SEP_section_enseignement_professionnel_internat2"
"1190","Delta_SEP_section_enseignement_professionnel_cantine_prive"
"1191","Delta_SGT_Section_enseignement_generaltechnologique_internat_prive"
"1192","Delta_SGT_Section_enseignement_generaltechnologique_cantine_prive"
"1193","Delta_SGT_Section_enseignement_generaltechnologique_prive"
"1194","Delta_Lycee_techniqueet_professionnel_agricole_internat_prive"
"1195","Delta_Lycee_techniqueet_professionnel_agricole_prepa_grandes_ecoles_prive"
"1196","Delta_Lycee_techniqueet_professionnel_agricole_cantine_prive"
"1197","Delta_Lycee_techniqueet_professionnel_agricole_prive"
"1198","Delta_Lycee_enseignement_professionnel_internat_prive"
"1199","Delta_Lycee_enseignement_professionnel_prepa_grandes_ecoles_prive"
"1200","Delta_Lycee_enseignement_professionnel_cantine_prive"
"1201","Delta_Lycee_enseignement_general_technologique_internat_prive"
"1202","Delta_Lycee_enseignement_general_technologique_appartenant_un_EP_prive"
"1203","Delta_Lycee_enseignement_general_technologique_prepa_grandes_ecoles_prive"
"1204","Delta_Lycee_enseignement_general_technologique_cantine_prive"
"1205","Delta_Lycee_enseignement_general_technologique_prive"
"1206","Delta_College_internat_prive"
"1207","Delta_College_cantine_prive"
"1208","Delta_SEP_section_enseignement_professionnel_internat_public"
"1209","Delta_SEP_section_enseignement_professionnel_cantine_public"
"1210","Delta_SGT_Section_enseignement_generaltechnologique_internat_public"
"1211","Delta_SGT_Section_enseignement_generaltechnologique_cantine_public"
"1212","Delta_SGT_Section_enseignement_generaltechnologique_public"
"1213","Delta_Lycee_techniqueet_professionnel_agricole_internat_public"
"1214","Delta_Lycee_techniqueet_professionnel_agricole_prepa_grandes_ecoles_public"
"1215","Delta_Lycee_techniqueet_professionnel_agricole_public"
"1216","Delta_Lycee_enseignement_professionnel_internat_public"
"1217","Delta_Lycee_enseignement_professionnel_prepa_grandes_ecoles_public"
"1218","Delta_Lycee_enseignement_professionnel_cantine_public"
"1219","Delta_Lycee_enseignement_general_technologique_internat_public"
"1220","Delta_Lycee_enseignement_general_technologique_EP_public"
"1221","Delta_Lycee_enseignement_general_technologique_prepa_grandes_ecoles_public"
"1222","Delta_Lycee_enseignement_general_technologique_cantine_public"
"1223","Delta_Lycee_enseignement_general_technologique_public"
"1224","Delta_College_internat_public"
"1225","Delta_College_cantine_public"
"1226","Delta_Centre_dispensantformations_apprentissage_agricole_internat"
"1227","Delta_Centre_dispensantformations_apprentissage_agricole"
"1228","Delta_Formation_aux_metierssport"
"1229","Delta_Centre_dispensant_formation_continue_agricole"
"1230","Delta_Ecole_enseignement_superieur_agricole_internat"
"1231","Delta_Unite_Formationde_Recherche"
"1232","Delta_Section_Tech_Superieur_Csse_Prepa_Grandes_Ecoles"
"1233","Delta_Centre_dispensantformations_apprentissage_agricole_internat_prive"
"1234","Delta_Centre_dispensantformations_apprentissage_agricole_prive"
"1235","Delta_Formation_aux_metierssport_prive"
"1236","Delta_Centre_dispensant_formation_continue_agricole_prive"
"1237","Delta_Ecole_enseignement_superieur_agricole_internat_prive"
"1238","Delta_Unite_Formationde_Recherche_prive"
"1239","Delta_Section_Tech_Superieur_Csse_Prepa_aux_Grandes_Ecoles_prive"
"1240","Delta_Centre_dispensantformations_apprentissage_agricole_internat_public"
"1241","Delta_Centre_dispensantformations_apprentissage_agricole_public"
"1242","Delta_Formation_aux_metierssport_public"
"1243","Delta_Centre_dispensant_formation_continue_agricole_public"
"1244","Delta_Ecole_enseignement_superieur_agricole_internat_public"
"1245","Delta_Unite_Formationde_Recherche_public"
"1246","Delta_Section_Tech_Superieur_Csse_Prepa_Grandes_Ecoles_public"
"1247","Delta_Spe_stomatologie"
"1248","Delta_Spe_radiodiagnosticimagerie_medicale"
"1249","Delta_Spe_pneumologie"
"1250","Delta_Spe_pediatrie"
"1251","Delta_Spe_oto.rhino.ryngologie"
"1252","Delta_Spe_ophtalmologie"
"1253","Delta_Spe_psychiatrie"
"1254","Delta_Spe_gastro.enterologie_hepatologie"
"1255","Delta_Spe_dermatologie_venereologie"
"1256","Delta_Spe_cardiologie"
"1257","Delta_Entreprise_generalebatiment"
"1258","Delta_Plombier_couvreur_chauffagiste"
"1259","Delta_Menuisier_charpentier_serrurier"
"1260","Delta_Ptrier_peintre"
"1261","Delta_Macon"
"1262","Delta_Reparation_autode_materiel_agricole"
"1263","Delta_Reis_poste"
"1264","Delta_Banques_caisses_epargne"
"1265","Delta_Maison_justicedu_droit"
"1266","Delta_Conseilpru_hommes"
"1267","Delta_Ambunce"
"1268","Delta_boratoire_analysesde_biologie_medicales"
"1269","Delta_Structures_psychiatriques_ambutoire"
"1270","Delta_Salles_combat_moins_une_aire_pratique_eciree"
"1271","Delta_Salles_combat_moins_une_aire_pratique_couverte"
"1272","Delta_Salles_combat.nombre_aires_pratique"
"1273","Delta_Boucle_randonnee.nombre_circuits"
"1274","Delta_Port_pisance.Mouilge.nombre_ports_zones"
"1275","Delta_Port_pisance.Mouilge"
"1276","Delta_Baignade_amenagee.nombre_aires_pratique"
"1277","Delta_Salles_multisports_gymnase_moins_une_aire_pratique_eciree"
"1278","Delta_Salles_multisports_gymnase_moins_une_aire_pratique_couverte"
"1279","Delta_Salles_multisports_gymnase_.nombre_aires_pratique"
"1280","Delta_Salles_remise_forme_moins_une_aire_pratique_eciree"
"1281","Delta_Salles_remise_forme_moins_une_aire_pratique_couverte"
"1282","Delta_Salles_remise_forme.nombre_aires_pratique"
"1283","Delta_Bowling_moins_une_aire_jeu_eciree"
"1284","Delta_Bowling_moins_une_aire_jeu_couverte"
"1285","Delta_Bowling.nombre_aires_jeu"
"1286","Delta_Sports_nautiques_moins_une_aire_pratique_eciree"
"1287","Delta_Sports_nautiques_moins_une_aire_pratique_couverte"
"1288","Delta_Sports_nautiques.nombre_aires_pratique"
"1289","Delta_Roller.Skate.Velo_bicrossfreestyle_moins_un_equipement_ecire"
"1290","Delta_Roller.Skate.Velo_bicrossfreestyle_moins_un_equipement_couvert"
"1291","Delta_Roller.Skate.Velo_bicrossfreestyle.nombre_pistes"
"1292","Delta_Roller.Skate.Velo_bicrossfreestyle"
"1293","Delta_Salles_non_specialisees_moins_un_equipement_ecire"
"1294","Delta_Salles_non_specialisees_moins_un_equipement_couvert"
"1295","Delta_Salles_non_specialisees.nombre_equipements_o√π_exerce_moins_une_activite_physique_sportive"
"1296","Delta_Terrains_grands_jeux_moins_un_terrain_ecire"
"1297","Delta_Terrains_grands_jeux_moins_un_terrain_couvert"
"1298","Delta_Terrains_grands_jeux.nombre_terrains"
"1299","Delta_Salles_specialisees_moins_une_aire_pratique_eciree"
"1300","Delta_Salles_specialisees_moins_une_aire_pratique_couverte"
"1301","Delta_Salles_specialisees.nombre_aires_pratique"
"1302","Delta_Pteauxterrains_jeux_exterieurs_moins_une_aire_pratique_eciree"
"1303","Delta_Pteauxterrains_jeux_exterieurs_moins_une_aire_pratique_couverte"
"1304","Delta_Pteauxterrains_jeux_exterieurs.nombre_aires_pratique"
"1305","Delta_Pteauxterrains_jeux_exterieurs"
"1306","Delta_Sports_gce_moins_une_aire_pratique_eciree"
"1307","Delta_Sports_gce_moins_une_aire_pratique_couverte"
"1308","Delta_Sports_gce.nombre_aires_pratique"
"1309","Delta_Sports_gce"
"1310","Delta_Parcours_sportif_sante_moins_un_parcours_ecire"
"1311","Delta_Parcours_sportif_sante_moins_un_parcours_couvert"
"1312","Delta_Parcours_sportif_sante.nombre_parcours"
"1313","Delta_Terrain_golf_moins_une_aire_pratique_eciree"
"1314","Delta_Terrain_golf_moins_une_aire_pratique_couverte"
"1315","Delta_Terrain_golf.nombre_aires_pratique"
"1316","Delta_Athletisme_moins_une_aire_pratique_eciree"
"1317","Delta_Athletisme_moins_une_aire_pratique_couverte"
"1318","Delta_Athletisme.nombre_aires_pratique"
"1319","Delta_Centre_equestre_moins_un_equipement_ecire"
"1320","Delta_Centre_equestre_moins_un_equipement_couvert"
"1321","Delta_Centre_equestre.nombre_carrieres_maneges"
"1322","Delta_Domaine_skiable_moins_une_piste_eciree"
"1323","Delta_Domaine_skiable_moins_une_piste_couverte"
"1324","Delta_Domaine_skiable.nombre_pistes"
"1325","Delta_equipement_cyclisme_moins_une_piste_eciree"
"1326","Delta_equipement_cyclisme_moins_une_piste_couverte"
"1327","Delta_equipement_cyclisme.nombre_pistes"
"1328","Delta_Tennis_moins_un_court_ecire"
"1329","Delta_Tennis_moins_un_court_couvert"
"1330","Delta_Tennis.nombre_courts"
"1331","Delta_Boulodrome_moins_un_terrain_ecire"
"1332","Delta_Boulodrome_moins_un_terrain_couvert"
"1333","Delta_Boulodrome.nombre_terrains"
"1334","Delta_Bassin_natation_moins_un_bassin_ecire"
"1335","Delta_Bassin_natation_moins_un_bassin_couvert"
"1336","Delta_Bassin_natation.nombre_bassins_natation_sportive_ludique"
"1337","Delta_MaisonsImmeubles_dur_DOM"
"1338","Delta_MaisonsImmeubles_bois_DOM"
"1339","Delta_Cases_traditionnelles_DOM"
"1340","Delta_Habitations_fortune_DOM"
"1341","Delta_Menages_deux_voituresplus"
"1342","Delta_Menages_une_voiture"
"1343","Delta_Menages_moins_une_voiture"
"1344","Delta_Menages_moins_un_parking"
"1345","Delta_Res_princ_tout_egout_DOM"
"1346","Delta_Res_princ_piece_climatisee_DOM"
"1347","Delta_Res_princ_chauffe.eau_soire_DOM"
"1348","Delta_Res_princ_Bain_Douche_WC_DOM"
"1349","Delta_Res_princ_eau_chaude_DOM"
"1350","Delta_Res_princ_electricite_DOM"
"1351","Delta_Res_princ_Chauffage_Individuel_elec_MET"
"1352","Delta_Anc_tot_Emmengt_Res_princ_occ_gratuit_annees"
"1353","Delta_Anc_tot_Emmengt_Res_princ_HLM_louees_vides_annees"
"1354","Delta_Anc_tot_Emmengt_Res_princ_occLocataires_annees"
"1355","Delta_Anc_tot_Emmengt_Res_princ_occProprietaires_annees"
"1356","Delta_Pers_Res_princ_occupees_gratuit"
"1357","Delta_Pers_Res_princ_occupees_Locataires"
"1358","Delta_Pers_Res_princ_occupees_Proprietaires"
"1359","Delta_Personnes_Res_princ"
"1360","Delta_Res_princ_loge_gratuit"
"1361","Delta_Res_princ_HLM_louee_vide"
"1362","Delta_Res_princ_occupees_Locataires"
"1363","Delta_Res_princ_occupees_Proprietaires"
"1364","Delta_Pieces_Res_princ_Men_emmenages_depuis_10_ansplus"
"1365","Delta_Pieces_Res_princ_Men_emmenages_entre_5.9_ans"
"1366","Delta_Pieces_Res_princ_Men_emmenages_entre_2.4_ans"
"1367","Delta_Pieces_Res_princ_Men_emmenages_moins_2_ans"
"1368","Delta_Pop_men_emmenages_depuis_10_ansplus"
"1369","Delta_Pop_menages"
"1370","Delta_Menages_emmenages_depuis_10_ansplus"
"1371","Delta_Menages_emmenages_entre_5.9_ans"
"1372","Delta_Menages_emmenages_entre_2.4_ans"
"1373","Delta_Menages_emmenages_moins_2_ans"
"1374","Delta_Menages2"
"1375","Delta_Res_princ_appart_1991_2005"
"1376","Delta_Res_princ_appart_1971_1990"
"1377","Delta_Res_princ_appart_1946_1970"
"1378","Delta_Res_princ_appart_1919_1945"
"1379","Delta_Res_princ_appart_avt_1919"
"1380","Delta_Res_princ_maison_1991_2005"
"1381","Delta_Res_princ_maison_1971_1990"
"1382","Delta_Res_princ_maison_1946_1970"
"1383","Delta_Res_princ_maison_1919_1945"
"1384","Delta_Res_princ_maison_avt_1919"
"1385","Delta_Res_princ_1991_2005"
"1386","Delta_Res_princ_1971_1990"
"1387","Delta_Res_princ_1946_1970"
"1388","Delta_Res_princ_1919_1945"
"1389","Delta_Res_princ_avt_1919"
"1390","Delta_Res_princ_120_m2plus"
"1391","Delta_Res_princ_moins_30_m2"
"1392","Delta_Pieces_res_princ_appartement"
"1393","Delta_Res_princ_appartement"
"1394","Delta_Pieces_res_princ_maison"
"1395","Delta_Res_princ_maison"
"1396","Delta_Pieces_res_princ"
"1397","Delta_Res_princ_5_piecesplus"
"1398","Delta_Res_princ_4_pieces"
"1399","Delta_Res_princ_3_pieces"
"1400","Delta_Res_princ_2_pieces"
"1401","Delta_Res_princ_1_piece"
"1402","Delta_Appartements"
"1403","Delta_Maisons"
"1404","Delta_Logements_vacants"
"1405","Delta_Res_secondaireslogts_occasionnels"
"1406","Delta_Residences_principales"
"1407","Delta_Logements"
"1408","Delta_Partautres_revenus_tx"
"1409","Delta_Partpensions_retraitesrentes_tx"
"1410","Delta_Taux_bas_revenus_decres_seuil_60_tx_tx"
"1411","Delta_Partmenages_fiscaux_imposes_tx"
"1412","Delta_Pop_hors_menages"
"1413","Delta_Pop_menages_2"
"1414","Delta_Pop_Immigres"
"1415","Delta_Pop_Etrangers"
"1416","Delta_Pop_Francais"
"1417","Delta_Pop_15_ansplus_Femmes_Autres"
"1418","Delta_Pop_15_ansplus_Femmes_Retraites"
"1419","Delta_Pop_15_ansplus_Femmes_Ouvriers"
"1420","Delta_Pop_15_ansplus_Femmes_Employes"
"1421","Delta_Pop_15_ansplus_Femmes_Prof_intermediaires"
"1422","Delta_Pop_15_ansplus_Femmes_Cadres_Prof_intel_sup"
"1423","Delta_Pop_15_ansplus_Femmes_Artisans_Comm_Chefs_entr"
"1424","Delta_Pop_15_ansplus_Femmes_Agriculteurs_exploitants"
"1425","Delta_Pop_15_ansplus_Femmes"
"1426","Delta_Pop_15_ansplus_Hommes_Autres"
"1427","Delta_Pop_15_ansplus_Hommes_Retraites"
"1428","Delta_Pop_15_ansplus_Hommes_Ouvriers"
"1429","Delta_Pop_15_ansplus_Hommes_Employes"
"1430","Delta_Pop_15_ansplus_Hommes_Prof_intermediaires"
"1431","Delta_Pop_15_ansplus_Hommes_Cadres_Prof_intel_sup"
"1432","Delta_Pop_15_ansplus_Hommes_Artisans_Comm_Chefs_entr"
"1433","Delta_Pop_15_ansplus_Hommes_Agriculteurs_exploitants"
"1434","Delta_Pop_15_ansplus_Hommes"
"1435","Delta_Pop_15_ansplus_Autres"
"1436","Delta_Pop_15_ansplus_Retraites"
"1437","Delta_Pop_15_ansplus_Ouvriers"
"1438","Delta_Pop_15_ansplus_Employes"
"1439","Delta_Pop_15_ansplus_Prof_intermediaires"
"1440","Delta_Pop_15_ansplus_Cadres_Prof_intel_sup"
"1441","Delta_Pop_15_ansplus_Artisans_Comm_Chefs_entr"
"1442","Delta_Pop_15_ansplus_Agriculteurs_exploitants"
"1443","Delta_Pop_15_ansplus2"
"1444","Delta_Pop_Femmes_65_ansplus"
"1445","Delta_Pop_Femmes_20.64_ans"
"1446","Delta_Pop_Femmes_0.19_ans"
"1447","Delta_Pop_Femmes_75_ansplus"
"1448","Delta_Pop_Femmes_60.74_ans"
"1449","Delta_Pop_Femmes_45.59_ans"
"1450","Delta_Pop_Femmes_30.44_ans"
"1451","Delta_Pop_Femmes_15.29_ans"
"1452","Delta_Pop_Femmes_0.14_ans"
"1453","Delta_Pop_Femmes"
"1454","Delta_Pop_Hommes_65_ansplus"
"1455","Delta_Pop_Hommes_20.64_ans"
"1456","Delta_Pop_Hommes_0.19_ans"
"1457","Delta_Pop_Hommes_75_ansplus"
"1458","Delta_Pop_Hommes_60.74_ans"
"1459","Delta_Pop_Hommes_45.59_ans"
"1460","Delta_Pop_Hommes_30.44_ans"
"1461","Delta_Pop_Hommes_15.29_ans"
"1462","Delta_Pop_Hommes_0.14_ans"
"1463","Delta_Pop_Hommes"
"1464","Delta_Pop_65_ansplus"
"1465","Delta_Pop_20.64_ans"
"1466","Delta_Pop_0.19_ans"
"1467","Delta_Pop_75_ansplus"
"1468","Delta_Pop_60.74_ans"
"1469","Delta_Pop_45.59_ans"
"1470","Delta_Pop_30.44_ans"
"1471","Delta_Pop_15.29_ans"
"1472","Delta_Pop_0.14_ans"
"1473","Delta_Pop_80_ansplus"
"1474","Delta_Pop_65.79_ans"
"1475","Delta_Pop_55.64_ans_2"
"1476","Delta_Pop_40.54_ans"
"1477","Delta_Pop_25.39_ans"
"1478","Delta_Pop_11.17_ans"
"1479","Delta_Pop_3.5_ans"
"1480","Delta_Pop_0.2_ans"
"1481","Delta_Popution"
"1482","Delta_Pop_18.24_ans"
"1483","Delta_Pop_6.10_ans"
"1484","CODE_IRIS"
"1485","IRIS_CONSO_TOTAL_ELEC"
"1486","IRIS_PDL_TOTAL_ELEC"
"1487","ELEC_OPE_PRO_A"
"1488","ELEC_OPE_PRO_I"
"1489","ELEC_OPE_ENT_I"
"1490","ELEC_OPE_RES_R"
"1491","ELEC_OPE_PRO_T"
"1492","ELEC_OPE_ENT_T"
"1493","ELEC_OPE_PRO_X"
"1494","ELEC_OPE_ENT_PRO_A"
"1495","ELEC_OPE_ENT_PRO_T"
"1496","ELEC_OPE_ENT_PRO_X"
"1497","ELEC_OPE_ENT_A"
"1498","ELEC_OPE_ENT_PRO_I"
"1499","ELEC_OPE_ENT_X"
"1500","ELEC_SECT_CONSO_PRO_A"
"1501","ELEC_SECT_CONSO_ENT_I"
"1502","ELEC_SECT_CONSO_RES_R"
"1503","ELEC_SECT_CONSO_PRO_T"
"1504","ELEC_SECT_CONSO_ENT_T"
"1505","ELEC_SECT_CONSO_PRO_X"
"1506","ELEC_SECT_CONSO_PRO_I"
"1507","ELEC_SECT_CONSO_ENT_PRO_A"
"1508","ELEC_SECT_CONSO_ENT_PRO_T"
"1509","ELEC_SECT_CONSO_ENT_PRO_X"
"1510","ELEC_SECT_CONSO_ENT_A"
"1511","ELEC_SECT_CONSO_ENT_PRO_I"
"1512","ELEC_SECT_CONSO_ENT_X"
"1513","ELEC_SECT_PDL_PRO_A"
"1514","ELEC_SECT_PDL_ENT_I"
"1515","ELEC_SECT_PDL_RES_R"
"1516","ELEC_SECT_PDL_PRO_T"
"1517","ELEC_SECT_PDL_ENT_T"
"1518","ELEC_SECT_PDL_PRO_X"
"1519","ELEC_SECT_PDL_PRO_I"
"1520","ELEC_SECT_PDL_ENT_PRO_A"
"1521","ELEC_SECT_PDL_ENT_PRO_T"
"1522","ELEC_SECT_PDL_ENT_PRO_X"
"1523","ELEC_SECT_PDL_ENT_A"
"1524","ELEC_SECT_PDL_ENT_PRO_I"
"1525","ELEC_SECT_PDL_ENT_X"
"1526","Departement"
"1527","Region"
